Workbook

Sheet はじめに
B2: 生産量の推計に向けた データご提供のお願い
B3: 加須工場 3Dモデル・動線分析 ｜ 提案元：ワールド化成 ｜ 2026-09-24
B5: 目的 | C5: 3Dモデルと位置データの動線分析に、生産の実績と設備の能力を加え、工程ごとの能力と工場全体の生産量を推計するためです。移設や人員の変更で、生産量がどう変わるかを数字で比べられるようにします。
B6: お願い | C6: 分かる範囲でご記入ください。空欄のままで構いません。分からない項目は「不明」と書いていただけると助かります。
B7: 既存資料でも可 | C7: 製造日報・勤怠データ・設備台帳などをお持ちの場合は、そのファイルを添付いただければ、該当シートへの記入は不要です（下の表の「記入状況」を「添付」にしてください）。
B8: 対象期間 | C8: 最優先：2026年7月24日〜8月31日（位置データを計測した期間）。可能であれば直近3か月分。
B9: 色の意味 | C9: 黄色＝記入欄 灰色＝記入例 緑＝自動計算 青＝位置ログなど、こちらで記入済みの値（違っていれば上書き）
B11: シート一覧と記入状況
B12: シート | C12: 内容 | D12: 優先度 | E12: 何に使うか | F12: 記入状況 | G12: 記入件数
B13: ⓪ご提供済みデータ | C13: 以前いただいた生産量・販売数・出荷数・金額の期間と単位 | D13: ◎ | E13: 今あるデータで推計できる範囲の判断 | G13: =COUNTA(⓪ご提供済みデータ!B5:B12) -> 0
B14: ①ロット実績 | C14: いつ・何を・どれだけ・どの設備で作ったか | D14: ◎ | E14: 工程ごとの能力と生産性の基準 | G14: =COUNTA(①ロット実績!D6:D305) -> 0
B15: ②勤務実績 | C15: 工程別・日別の出勤人数と時間 | D15: ◎ | E15: 生産量 ÷ 投入人時（生産性） | G15: =COUNTA(②勤務実績!A6:A205) -> 0
B16: ③設備能力 | C16: 容量・バッチ量・標準時間・段取り時間 | D16: ◎ | E16: 工程の能力と律速工程 | G16: =COUNTA(③設備能力!D6:D65) -> 0
B17: ④調色・研究棟 | C17: 色合わせ・判定の回数と理由 | D17: ○ | E17: 移設の効果を生産量に換算 | G17: =COUNTA(④調色・研究棟!B6:B105) -> 0
B18: ⑤計画・受注・出荷 | C18: 品目区分ごとの月別の計画・受注・出荷・金額 | D18: ○ | E18: 22名で計画量を作れるかの見通し | G18: =COUNTA(⑤計画・受注・出荷!A6:A65) -> 0
B19: ⑥不良・手直し | C19: 不良・手直しの量と時間 | D19: △ | E19: 良品として出せる量 | G19: =COUNTA(⑥不良・手直し!A6:A105) -> 0
B20: ⑦位置ログID | C20: 匿名IDごとの担当工程・作業（氏名不要） | D20: ○ | E20: 人の動きとロット・設備を結び付ける | G20: =COUNTA(⑦位置ログID!E5:E34) -> 0
B21: 優先度 ◎＝推計に必須 ○＝あると精度が上がる △＝分かれば
B22: 記入件数は、各シートの主な列（ご提供済み・ロットNo・日付・容量・年月など）に入力された行数です。こちらで入れた青い値は数えません。
B24: ご記入者・連絡先
B25: 会社・部署
B26: お名前
B27: 連絡先
B28: 記入日
B30: ご不明な点は、ワールド化成の担当者までお問い合わせください。

Sheet ⓪ご提供済みデータ
A1: ⓪ すでにご提供いただいたデータの確認
A2: 以前いただいた生産量・販売数・出荷数・金額が、どの期間・単位・細かさかを確認させてください。これで、推計にそのまま使えるかが分かります。
A3: 黄色＝記入欄（分かる範囲で・空欄可） 灰色＝記入例 緑＝自動計算 青＝位置ログなど、こちらで記入済みの値（違っていれば上書きしてください）
A4: データ | B4: ご提供済み | C4: 期間 | D4: 集計の細かさ | E4: 数量の単位 | F4: 品目別の内訳 | G4: 工程別の内訳 | H4: 7/24〜8/31を含む | I4: ファイル名・備考
A5: 生産量
A6: 販売数（受注数）
A7: 出荷数
A8: 売上金額
A9: 在庫（製品）
A10: 原材料の使用量

Sheet ①ロット実績
A1: ① ロット（製造）実績
A2: いつ・何を・どれだけ・どの設備で作ったか。工程ごとの能力と生産性の基準になります。製造日報・バッチ記録をそのまま添付いただく形でも構いません。
A3: 黄色＝記入欄（分かる範囲で・空欄可） 灰色＝記入例 緑＝自動計算 青＝位置ログなど、こちらで記入済みの値（違っていれば上書きしてください）
A4: 日付 | B4: シフト | C4: 工程 | D4: ロットNo | E4: 品目名 | F4: 品目区分 | G4: 数量 | H4: 単位 | I4: 開始時刻 | J4: 終了時刻 | K4: 所要時間（分） | L4: 使用設備 | M4: 作業人数 | N4: 備考
A5: 46238 | B5: 日勤 | C5: 調色 | D5: （例）L-0804-01 | E5: （例）外装用塗料 A色 | F5: 塗料 | G5: 1200 | H5: kg | I5: 0.35416667 | J5: 0.48958333 | K5: =IF(OR(I5="",J5=""),"",ROUND(MOD(J5-I5,1)*1440,0)) -> 195 | L5: （例）調色槽 No.2 | M5: 2 | N5: （例）色合わせ2回
K6: =IF(OR(I6="",J6=""),"",ROUND(MOD(J6-I6,1)*1440,0))
K7: =IF(OR(I7="",J7=""),"",ROUND(MOD(J7-I7,1)*1440,0))
K8: =IF(OR(I8="",J8=""),"",ROUND(MOD(J8-I8,1)*1440,0))
K9: =IF(OR(I9="",J9=""),"",ROUND(MOD(J9-I9,1)*1440,0))
K10: =IF(OR(I10="",J10=""),"",ROUND(MOD(J10-I10,1)*1440,0))
K11: =IF(OR(I11="",J11=""),"",ROUND(MOD(J11-I11,1)*1440,0))
K12: =IF(OR(I12="",J12=""),"",ROUND(MOD(J12-I12,1)*1440,0))
K13: =IF(OR(I13="",J13=""),"",ROUND(MOD(J13-I13,1)*1440,0))
K14: =IF(OR(I14="",J14=""),"",ROUND(MOD(J14-I14,1)*1440,0))
K15: =IF(OR(I15="",J15=""),"",ROUND(MOD(J15-I15,1)*1440,0))
K16: =IF(OR(I16="",J16=""),"",ROUND(MOD(J16-I16,1)*1440,0))
K17: =IF(OR(I17="",J17=""),"",ROUND(MOD(J17-I17,1)*1440,0))
... K305: =IF(OR(I305="",J305=""),"",ROUND(MOD(J305-I305,1)*1440,0))

Sheet ②勤務実績
A1: ② 勤務実績（工程別・日別）
A2: 何人が何時間働いたか。生産量 ÷ 投入人時で生産性を出すのに使います。勤怠データの出力でも構いません。
A3: 黄色＝記入欄（分かる範囲で・空欄可） 灰色＝記入例 緑＝自動計算 青＝位置ログなど、こちらで記入済みの値（違っていれば上書きしてください）
A4: 日付 | B4: 工程 | C4: 出勤人数 | D4: 所定時間（時間/人） | E4: 残業（合計時間） | F4: 応援で入った（人時） | G4: 応援で出た（人時） | H4: 投入人時（自動） | I4: うちフォークリフト運転（人時） | J4: 備考
A5: 46238 | B5: 調色 | C5: 3 | D5: 8 | E5: 1.5 | F5: 0 | G5: 2 | H5: =IF(C5="","",C5*N(D5)+N(E5)+N(F5)-N(G5)) -> 23.5 | I5: 0.5 | J5: （例）1名が午後に充填へ応援
H6: =IF(C6="","",C6*N(D6)+N(E6)+N(F6)-N(G6))
H7: =IF(C7="","",C7*N(D7)+N(E7)+N(F7)-N(G7))
H8: =IF(C8="","",C8*N(D8)+N(E8)+N(F8)-N(G8))
H9: =IF(C9="","",C9*N(D9)+N(E9)+N(F9)-N(G9))
H10: =IF(C10="","",C10*N(D10)+N(E10)+N(F10)-N(G10))
H11: =IF(C11="","",C11*N(D11)+N(E11)+N(F11)-N(G11))
H12: =IF(C12="","",C12*N(D12)+N(E12)+N(F12)-N(G12))
H13: =IF(C13="","",C13*N(D13)+N(E13)+N(F13)-N(G13))
H14: =IF(C14="","",C14*N(D14)+N(E14)+N(F14)-N(G14))
H15: =IF(C15="","",C15*N(D15)+N(E15)+N(F15)-N(G15))
H16: =IF(C16="","",C16*N(D16)+N(E16)+N(F16)-N(G16))
H17: =IF(C17="","",C17*N(D17)+N(E17)+N(F17)-N(G17))
... H205: =IF(C205="","",C205*N(D205)+N(E205)+N(F205)-N(G205))

Sheet ③設備能力
A1: ③ 設備の能力
A2: 設備1台が1回（1バッチ）でどれだけ・何分で処理できるか。工程ごとの能力と、どこが詰まるか（律速工程）を出すのに使います。設備台帳・作業標準書の添付でも構いません。
A3: 黄色＝記入欄（分かる範囲で・空欄可） 灰色＝記入例 緑＝自動計算 青＝位置ログなど、こちらで記入済みの値（違っていれば上書きしてください）
A4: 建屋 | B4: 工程 | C4: 設備名 | D4: 容量 | E4: 容量の単位 | F4: 標準バッチ量 | G4: バッチ量の単位 | H4: 1バッチの標準時間（分） | I4: 1バッチの必要人数 | J4: 段取り・洗浄（分/回） | K4: 色替え・洗浄の頻度 | L4: 能力（充填機など） | M4: 能力の単位 | N4: 1日の稼働時間（時間） | O4: 備考
A5: （例）第一ペイント工場 | B5: 調合 | C5: （例）調合槽 No.1 | D5: 2000 | E5: L | F5: 1500 | G5: kg | H5: 180 | I5: 1 | J5: 40 | K5: （例）1日1〜2回 | N5: 8

Sheet ④調色・研究棟
A1: ④ 調色と研究棟の行き来
A2: 計測では、調色担当2人が研究棟と調色工場を3日で246回行き来していました。1ロットに何回の色合わせ・判定が必要かが分かると、移設の効果を生産量に換算できます。
A3: 黄色＝記入欄（分かる範囲で・空欄可） 灰色＝記入例 緑＝自動計算 青＝位置ログなど、こちらで記入済みの値（違っていれば上書きしてください）
A4: 日付 | B4: ロットNo | C4: 品目名 | D4: 色合わせの回数 | E4: 研究棟での判定の回数 | F4: 判定1回の時間（分） | G4: 研究棟へ行く主な理由 | H4: 調色工場で判定できない理由 | I4: 備考
A5: 46238 | B5: （例）L-0804-01 | C5: （例）外装用塗料 A色 | D5: 3 | E5: 2 | F5: 10 | G5: 色の判定 | H5: （例）測色機が研究棟にしかない
A108: あわせて教えてください（文章で結構です）
A109: Q1 | B109: 研究棟へ行く一番の目的は何ですか？（色の判定・検査・承認など）
A110: Q2 | B110: その作業は調色工場（または移設先の第二工場）でもできますか？ できない場合、何があればできますか？
A111: Q3 | B111: 1ロットあたり、研究棟との往復は平均何回ですか？ 品目による違いはありますか？
A112: Q4 | B112: 研究棟側の担当者が調色工場へ来る運用は可能ですか？

Sheet ⑤計画・受注・出荷
A1: ⑤ 生産計画・受注・出荷
A2: 品目区分ごとの計画量・受注量・出荷量・金額。22名で計画量を作れるかの見通しに使います。月ごとで構いません。すでにご提供済みの場合は⓪に記入するだけで結構です。
A3: 黄色＝記入欄（分かる範囲で・空欄可） 灰色＝記入例 緑＝自動計算 青＝位置ログなど、こちらで記入済みの値（違っていれば上書きしてください）
A4: 年月 | B4: 品目区分 | C4: 生産計画量 | D4: 生産実績量 | E4: 受注量 | F4: 出荷量 | G4: 数量の単位 | H4: 売上金額（円） | I4: 月末の製品在庫 | J4: 備考
A5: 2026-08 | B5: （例）塗料 | C5: 42000 | D5: 40500 | E5: 41000 | F5: 39800 | G5: kg | H5: 38000000 | I5: 5200

Sheet ⑥不良・手直し
A1: ⑥ 不良・手直し
A2: 良品として出荷できた量を出すのに使います。件数が少なければ、月ごとの合計でも構いません。
A3: 黄色＝記入欄（分かる範囲で・空欄可） 灰色＝記入例 緑＝自動計算 青＝位置ログなど、こちらで記入済みの値（違っていれば上書きしてください）
A4: 日付 | B4: 工程 | C4: ロットNo | D4: 品目名 | E4: 数量 | F4: 単位 | G4: 内容 | H4: 手直しにかかった時間（分） | I4: 備考
A5: 46238 | B5: 調色 | C5: （例）L-0804-01 | D5: （例）外装用塗料 A色 | E5: 50 | F5: kg | G5: 色違い | H5: 45 | I5: （例）再調色で出荷

Sheet ⑦位置ログID
A1: ⑦ 位置ログのIDと担当の対応
A2: 位置ログの匿名IDごとに、担当工程と主な作業を教えてください（氏名は不要です）。人の動きとロット・設備を結び付け、設備の前にいた時間を作業時間として使えるようにします。青い欄は位置ログの記録から入れた値です。
A3: 黄色＝記入欄（分かる範囲で・空欄可） 灰色＝記入例 緑＝自動計算 青＝位置ログなど、こちらで記入済みの値（違っていれば上書きしてください）
A4: 位置ログのID | B4: 記録上の工程 | C4: 計測日 | D4: 実際の担当工程 | E4: 主な担当設備・作業 | F4: 計測日の勤務 | G4: フォークリフトの運転 | H4: 備考
A5: 1 | B5: ワニス | C5: 7/24, 7/27, 7/28
A6: 2 | B6: ワニス | C6: 7/24, 7/27, 7/28, 7/29
A7: 3 | B7: 仕込み | C7: 7/29, 7/30
A8: 4 | B8: 仕込み | C8: 7/29, 7/30
A9: 5 | B9: 調合 | C9: 8/18, 8/19, 8/20
A10: 6 | B10: 調合 | C10: 7/31, 8/18, 8/19, 8/20
A11: 7 | B11: 充填 | C11: 8/27, 8/28, 8/31
A12: 8 | B12: 充填 | C12: 8/27, 8/28, 8/31
A13: 9 | B13: 2B（第二・中ロット仕込み） | C13: 8/24, 8/25, 8/26
A14: 10 | B14: 2B（第二・中ロット仕込み） | C14: 8/24, 8/25, 8/26
A15: 11 | B15: 調色 | C15: 8/3, 8/4, 8/5
A16: 12 | B16: 調色 | C16: 8/3, 8/4, 8/5
... A22: NSD | B22: 管理 | C22: 7/30
